Timestamp,V1(V),I1(mA),V2(V),I2(mA)
2026-04-18 11:06:51,3.445,0.0,4.109,1.2
2026-04-18 11:06:52,3.445,0.0,4.109,1.2
2026-04-18 11:06:53,3.445,0.0,4.109,1.2
2026-04-18 11:06:54,3.445,0.0,4.109,1.2
2026-04-18 11:06:55,3.445,0.0,4.109,1.2
2026-04-18 11:06:56,3.445,-0.1,4.109,1.2
2026-04-18 11:06:57,3.445,0.0,4.109,1.2
2026-04-18 11:06:58,3.445,0.0,4.109,1.2
2026-04-18 11:06:59,3.445,0.0,4.109,1.2
2026-04-18 11:07:00,3.445,0.0,4.109,1.2
2026-04-18 11:07:01,3.445,0.0,4.109,1.2
2026-04-18 11:07:02,3.445,0.0,4.109,1.2
2026-04-18 11:07:03,3.445,0.0,4.109,1.2
2026-04-18 11:07:04,3.445,0.0,4.109,1.2
2026-04-18 11:07:06,3.445,0.0,4.109,1.2
2026-04-18 11:07:07,3.445,0.0,4.109,1.2
2026-04-18 11:07:08,3.444,-0.1,4.109,1.2
2026-04-18 11:07:09,3.444,-0.1,4.109,1.2
2026-04-18 11:07:10,3.445,-0.1,4.109,1.2
2026-04-18 11:07:11,3.445,0.0,4.109,1.2
2026-04-18 11:07:12,3.445,0.0,4.109,1.2
2026-04-18 11:07:13,3.445,0.0,4.109,1.2
2026-04-18 11:07:14,3.444,0.0,4.109,1.2
2026-04-18 11:07:15,3.444,0.0,4.109,1.2
2026-04-18 11:07:16,3.444,0.0,4.109,1.2
2026-04-18 11:07:17,3.444,0.0,4.109,1.2
2026-04-18 11:07:50,3.446,0.4,4.109,1.2
2026-04-18 11:07:51,3.446,0.4,4.109,1.2
2026-04-18 11:07:52,3.446,0.4,4.109,1.2
2026-04-18 11:07:53,3.446,0.4,4.109,1.2
2026-04-18 11:07:54,3.444,-0.1,4.109,1.2
2026-04-18 11:07:55,3.444,-0.1,4.109,1.2
2026-04-18 11:07:56,3.444,-0.1,4.109,1.2
2026-04-18 11:07:57,3.446,0.4,4.109,1.2
2026-04-18 11:07:58,3.446,0.4,4.109,1.2
2026-04-18 11:07:59,3.446,0.4,4.109,1.2
2026-04-18 11:08:00,3.426,0.4,4.095,53.5
2026-04-18 11:08:01,3.445,0.3,4.109,1.2
2026-04-18 11:08:02,3.429,0.3,4.044,249.7
2026-04-18 11:08:03,3.421,0.3,4.060,190.0
2026-04-18 11:08:04,3.422,0.3,4.076,122.5
2026-04-18 11:08:05,3.444,0.4,4.106,1.2
2026-04-18 11:08:06,3.444,0.3,4.108,1.2
2026-04-18 11:08:07,3.444,0.3,4.108,1.2
2026-04-18 11:08:08,3.445,0.4,4.108,1.2
2026-04-18 11:08:10,3.445,0.4,4.108,1.2
2026-04-18 11:08:11,3.445,0.4,4.108,1.2
2026-04-18 11:08:12,3.445,0.4,4.108,1.2
2026-04-18 11:08:13,3.445,0.4,4.108,1.2
2026-04-18 11:08:14,3.445,0.4,4.108,1.2
2026-04-18 11:08:15,3.445,0.3,4.108,1.2
2026-04-18 11:08:16,3.444,0.1,4.108,1.2
2026-04-18 11:08:17,3.444,0.1,4.108,1.2
2026-04-18 11:08:18,3.444,0.1,4.108,1.2
2026-04-18 11:08:19,3.444,0.1,4.108,1.2
2026-04-18 11:08:20,3.444,0.1,4.108,1.2
2026-04-18 11:08:21,3.444,0.1,4.108,1.2
2026-04-18 11:08:22,3.444,0.1,4.108,1.2
2026-04-18 11:08:23,3.444,0.1,4.108,1.2
2026-04-18 11:08:24,3.444,0.1,4.108,1.2
2026-04-18 11:08:25,3.444,0.1,4.108,1.2
2026-04-18 11:08:26,3.444,0.1,4.108,1.2
2026-04-18 11:08:27,3.444,0.0,4.108,1.2
2026-04-18 11:08:28,3.444,0.0,4.108,1.2
2026-04-18 11:08:29,3.444,0.0,4.108,1.2
2026-04-18 11:08:30,3.444,0.1,4.108,1.2
2026-04-18 11:08:31,3.444,0.1,4.108,1.2
2026-04-18 11:08:32,3.428,0.1,4.071,132.4
2026-04-18 11:08:33,3.434,0.1,4.089,66.7
2026-04-18 11:08:34,3.420,0.1,4.065,165.8
2026-04-18 11:08:36,3.441,0.1,4.060,176.6
2026-04-18 11:08:37,3.398,0.1,4.025,307.6
2026-04-18 11:08:38,3.418,0.1,4.059,185.9
2026-04-18 11:08:39,3.440,0.1,4.105,1.2
2026-04-18 11:12:51,3.412,0.0,4.040,269.2
2026-04-18 11:12:53,3.418,-0.1,4.060,189.4
2026-04-18 11:12:54,3.418,-0.1,4.059,187.4
2026-04-18 11:12:55,3.416,-0.2,4.059,185.6
2026-04-18 11:12:56,3.440,-0.2,4.105,1.2
2026-04-18 11:12:57,3.405,-0.2,4.055,199.2
2026-04-18 11:12:58,3.431,-0.2,4.079,104.4
2026-04-18 11:12:59,3.440,-0.2,4.105,1.2
2026-04-18 11:13:00,3.440,-0.1,4.105,1.2
2026-04-18 11:13:01,3.420,-0.1,4.086,74.0
2026-04-18 11:13:02,3.431,-0.2,4.080,97.8
2026-04-18 11:13:03,3.440,-0.2,4.105,1.2
2026-04-18 11:13:04,3.426,-0.2,4.066,157.5
2026-04-18 11:13:05,3.440,-0.3,4.105,1.2
2026-04-18 11:13:06,3.402,-0.2,4.043,245.6
2026-04-18 11:13:07,3.422,-0.2,4.060,178.0
2026-04-18 11:13:08,3.439,-0.2,4.104,1.2
2026-04-18 11:13:09,3.439,-0.2,4.105,1.2
2026-04-18 11:13:10,3.405,-0.2,4.039,256.8
2026-04-18 11:13:11,3.438,-0.3,4.102,1.2
2026-04-18 11:13:12,3.386,-0.2,4.001,319.5
2026-04-18 11:13:13,3.414,-0.2,4.056,186.2
2026-04-18 11:13:15,3.436,-0.3,4.102,1.2
2026-04-18 11:13:16,3.438,-0.3,3.956,404.7
2026-04-18 11:13:17,3.414,-0.3,4.101,1.2
2026-04-18 11:13:18,3.399,-0.2,4.024,303.2
2026-04-18 11:13:19,3.436,-0.2,4.101,1.2
2026-04-18 11:13:20,3.438,-0.2,4.102,1.2
2026-04-18 11:13:21,3.438,-0.2,4.102,1.2
2026-04-18 11:13:22,3.438,-0.2,4.102,1.2
2026-04-18 11:13:23,3.438,-0.3,4.104,1.2
2026-04-18 11:13:24,3.439,-0.2,4.104,1.2
2026-04-18 11:13:25,3.439,-0.2,4.104,1.2
2026-04-18 11:13:26,3.439,-0.2,4.104,1.2
2026-04-18 11:13:27,3.439,-0.2,4.104,1.2
2026-04-18 11:13:28,3.439,-0.2,4.104,1.2
2026-04-18 11:13:29,3.439,-0.2,4.104,1.2
2026-04-18 11:13:30,3.439,-0.3,4.104,1.2
2026-04-18 11:13:31,3.439,-0.4,4.104,1.2
2026-04-18 11:13:32,3.439,-0.3,4.104,1.2
2026-04-18 11:13:34,3.439,-0.2,4.104,1.2
2026-04-18 11:13:36,3.440,-0.1,4.105,1.2
2026-04-18 11:13:37,3.439,-0.2,4.105,1.2
2026-04-18 11:13:39,3.440,-0.2,4.105,1.2
2026-04-18 11:13:41,3.440,-0.2,4.105,1.2
2026-04-18 11:13:42,3.440,-0.2,4.105,1.2
2026-04-18 11:13:43,3.440,-0.1,4.105,1.2
2026-04-18 11:13:44,3.440,-0.1,4.105,1.2
2026-04-18 11:13:45,3.440,-0.2,4.105,1.2
2026-04-18 11:13:46,3.441,0.3,4.105,1.2
2026-04-18 11:13:47,3.444,0.5,4.105,1.2
2026-04-18 11:13:49,3.441,0.2,4.105,1.2
2026-04-18 11:13:50,3.414,0.0,4.044,241.9
2026-04-18 11:13:51,3.401,0.3,4.030,296.9
2026-04-18 11:13:52,3.405,0.7,4.027,305.7
2026-04-18 11:13:53,3.400,0.7,4.025,309.9
2026-04-18 11:13:54,3.404,0.7,4.035,263.8
2026-04-18 11:13:55,3.405,0.7,4.035,266.7
2026-04-18 11:13:56,3.400,0.5,4.027,291.1
2026-04-18 11:13:57,3.396,0.6,4.019,321.3
2026-04-18 11:13:58,3.399,0.6,4.024,300.8
2026-04-18 11:13:59,3.398,0.6,4.024,298.3
2026-04-18 11:14:00,3.400,0.6,4.025,296.8
2026-04-18 11:14:01,3.396,0.5,4.020,311.4
2026-04-18 11:14:02,3.399,0.5,4.026,290.3
2026-04-18 11:14:04,3.396,0.4,4.029,274.4
2026-04-18 11:14:05,3.389,1.6,4.005,366.8
2026-04-18 11:14:06,3.401,1.8,4.029,275.1
2026-04-18 11:14:07,3.400,1.2,4.021,298.9
2026-04-18 11:14:08,3.396,1.0,4.003,376.6
2026-04-18 11:14:09,3.415,1.5,4.051,178.2
2026-04-18 11:14:11,3.415,1.5,4.051,179.3
2026-04-18 11:14:12,3.415,1.3,4.051,179.9
2026-04-18 11:14:13,3.412,1.0,4.051,179.0
2026-04-18 11:14:15,3.412,1.0,4.051,178.0
2026-04-18 11:14:16,3.412,0.9,4.051,180.1
2026-04-18 11:14:41,3.367,0.9,3.935,488.6
2026-04-18 11:14:43,3.402,0.7,4.027,284.7
2026-04-18 11:14:44,3.399,0.7,4.026,292.7
2026-04-18 11:14:45,3.401,0.6,4.021,310.2
2026-04-18 11:14:46,3.354,0.5,4.025,290.6
2026-04-18 11:14:47,3.431,0.5,4.095,1.2
2026-04-18 11:14:48,3.432,0.4,4.096,1.2
2026-04-18 11:14:49,3.432,0.2,4.079,71.2
2026-04-18 11:14:50,3.405,0.2,4.095,1.2
2026-04-18 11:14:51,3.401,0.4,4.044,204.0
2026-04-18 11:14:52,3.416,0.5,4.068,103.7
2026-04-18 11:14:53,3.418,0.5,4.069,102.1
2026-04-18 11:30:21,3.429,0.2,4.096,1.2
2026-04-18 11:30:23,3.429,0.2,4.096,1.2
2026-04-18 11:30:24,3.429,0.2,4.096,1.2
2026-04-18 11:30:25,3.429,0.2,4.096,1.2
2026-04-18 11:30:26,3.429,0.2,4.096,1.2
2026-04-18 11:30:27,3.429,0.2,4.096,1.2
2026-04-18 11:30:28,3.429,0.2,4.096,1.2
2026-04-18 11:30:29,3.429,0.2,4.096,1.2
2026-04-18 11:30:30,3.429,0.2,4.096,1.2
2026-04-18 11:30:32,3.429,0.2,4.096,1.2
2026-04-18 11:30:33,3.429,0.2,4.096,1.2
2026-04-18 11:30:34,3.429,0.2,4.096,1.2
2026-04-18 11:30:35,3.429,0.2,4.096,1.2
2026-04-18 11:30:36,3.429,0.2,4.097,1.2
2026-04-18 11:30:51,3.430,0.2,4.097,1.2
2026-04-18 11:31:55,3.431,0.2,4.097,1.2
2026-04-18 11:31:56,3.430,0.2,4.097,1.2
2026-04-18 11:31:57,3.430,0.2,4.097,1.2
2026-04-18 11:31:58,3.431,0.2,4.097,1.2
2026-04-18 11:31:59,3.431,0.2,4.097,1.2
2026-04-18 11:32:00,3.431,0.2,4.097,1.2
2026-04-18 11:32:01,3.431,0.2,4.097,1.2
2026-04-18 11:32:02,3.431,0.2,4.097,1.2
2026-04-18 11:32:03,3.431,0.2,4.097,1.2
2026-04-18 11:32:05,3.431,0.2,4.097,1.2
2026-04-18 11:32:06,3.431,0.2,4.097,1.2
2026-04-18 11:32:07,3.431,0.2,4.097,1.2
2026-04-18 11:32:08,3.430,0.2,4.097,1.2
2026-04-18 11:32:09,3.431,0.2,4.097,1.2
2026-04-18 11:32:10,3.430,0.2,4.097,1.2
2026-04-18 11:32:11,3.431,0.2,4.097,1.2
2026-04-18 11:32:12,3.431,0.2,4.097,1.2
2026-04-18 11:32:13,3.431,0.2,4.097,1.2
2026-04-18 11:32:14,3.431,0.2,4.097,1.2
2026-04-18 11:32:16,3.431,0.2,4.097,1.2
2026-04-18 11:32:17,3.431,0.2,4.097,1.2
2026-04-18 11:32:18,3.431,0.2,4.097,1.2
2026-04-18 11:32:19,3.431,0.2,4.097,1.2
2026-04-18 11:32:20,3.431,0.2,4.097,1.2
2026-04-18 11:32:21,3.431,0.2,4.097,1.2
2026-04-18 11:32:22,3.431,0.2,4.099,1.2
2026-04-18 11:32:23,3.431,0.2,4.097,1.2
2026-04-18 11:32:24,3.431,0.2,4.097,1.2
2026-04-18 11:32:25,3.431,0.2,4.097,1.2
2026-04-18 11:32:26,3.431,0.2,4.097,1.2
2026-04-18 11:32:27,3.431,0.2,4.097,1.2
2026-04-18 11:32:28,3.431,0.2,4.099,1.2
2026-04-18 11:32:30,3.431,0.2,4.099,1.2
2026-04-18 13:07:34,3.422,0.4,0.0014,0.000000,4.088,1.2,0.0049,0.000000,0.0,0.0
2026-04-18 13:07:35,3.422,0.4,0.0014,0.000000,4.088,1.2,0.0049,0.000001,0.0,0.0
2026-04-18 13:07:36,3.422,0.4,0.0014,0.000001,4.088,1.2,0.0049,0.000003,0.0,0.0
2026-04-18 13:07:37,3.422,0.4,0.0014,0.000001,4.088,1.2,0.0049,0.000004,0.0,0.0
2026-04-18 13:07:38,3.422,0.4,0.0014,0.000002,4.088,1.2,0.0049,0.000006,0.0,0.0
2026-04-18 13:07:39,3.422,0.4,0.0014,0.000002,4.088,1.2,0.0049,0.000007,0.0,0.0
2026-04-18 13:07:40,3.422,0.4,0.0014,0.000002,4.088,1.2,0.0049,0.000009,0.0,0.0
2026-04-18 13:07:41,3.422,0.4,0.0014,0.000003,4.088,1.2,0.0049,0.000010,0.0,0.0
2026-04-18 13:07:42,3.422,0.4,0.0014,0.000003,4.088,1.2,0.0049,0.000011,0.0,0.0
2026-04-18 13:07:43,3.422,0.4,0.0014,0.000004,4.088,1.2,0.0049,0.000013,0.0,0.0
2026-04-18 13:07:44,3.422,0.4,0.0014,0.000004,4.088,1.2,0.0049,0.000014,0.0,0.0
2026-04-18 13:07:45,3.422,0.4,0.0014,0.000004,4.088,1.2,0.0049,0.000016,0.0,0.0
2026-04-18 13:07:46,3.422,0.4,0.0014,0.000005,4.088,1.2,0.0049,0.000017,0.0,0.0
2026-04-18 13:07:47,3.422,0.4,0.0014,0.000005,4.088,1.2,0.0049,0.000018,0.0,0.0
2026-04-18 13:07:48,3.422,0.4,0.0014,0.000006,4.088,1.2,0.0049,0.000020,0.0,0.0
2026-04-18 13:07:49,3.422,0.4,0.0014,0.000006,4.088,1.2,0.0049,0.000021,0.0,0.0
2026-04-18 13:07:50,3.422,0.4,0.0014,0.000006,4.088,1.2,0.0049,0.000023,0.0,0.0
2026-04-18 13:07:51,3.422,0.4,0.0014,0.000007,4.088,1.2,0.0049,0.000024,0.0,0.0
2026-04-18 13:07:52,3.422,0.4,0.0014,0.000007,4.088,1.2,0.0049,0.000026,0.0,0.0
2026-04-18 13:07:53,3.422,0.4,0.0014,0.000008,4.088,1.2,0.0049,0.000027,0.0,0.0
2026-04-18 13:07:54,3.422,0.3,0.0010,0.000008,4.088,1.2,0.0049,0.000028,0.0,0.0
2026-04-18 13:07:56,3.422,0.3,0.0010,0.000008,4.088,1.2,0.0049,0.000030,0.0,0.0
2026-04-18 13:07:57,3.422,0.3,0.0010,0.000008,4.088,1.2,0.0049,0.000031,0.0,0.0
2026-04-18 13:07:58,3.422,0.3,0.0010,0.000009,4.088,1.2,0.0049,0.000033,0.0,0.0
2026-04-18 13:07:59,3.422,0.3,0.0010,0.000009,4.088,1.2,0.0049,0.000034,0.0,0.0
2026-04-18 13:08:00,3.422,0.3,0.0010,0.000009,4.088,1.2,0.0049,0.000036,0.0,0.0
2026-04-18 13:08:01,3.422,0.3,0.0010,0.000010,4.088,1.2,0.0049,0.000037,0.0,0.0
2026-04-18 13:08:02,3.422,0.3,0.0010,0.000010,4.088,1.2,0.0049,0.000038,0.0,0.0
2026-04-18 13:08:03,3.422,0.3,0.0010,0.000010,4.088,1.2,0.0049,0.000040,0.0,0.0
2026-04-18 13:08:04,3.422,0.2,0.0007,0.000010,4.088,1.2,0.0049,0.000041,0.0,0.0
2026-04-18 13:08:05,3.422,0.2,0.0007,0.000011,4.088,1.2,0.0049,0.000043,0.0,0.0
2026-04-18 13:08:14,3.421,0.3,0.0010,0.000013,4.088,1.2,0.0049,0.000055,0.0,0.0
2026-04-18 13:08:32,3.422,0.4,0.0014,0.000020,4.088,1.2,0.0049,0.000080,0.0,0.0
2026-04-18 13:08:33,3.422,0.4,0.0014,0.000020,4.088,1.2,0.0049,0.000081,0.0,0.0
2026-04-18 13:08:34,3.422,0.4,0.0014,0.000021,4.088,1.2,0.0049,0.000083,0.0,0.0
2026-04-18 13:08:35,3.422,0.4,0.0014,0.000021,4.088,1.2,0.0049,0.000084,0.0,0.0
2026-04-18 13:08:36,3.422,0.4,0.0014,0.000022,4.088,1.2,0.0049,0.000085,0.0,0.0
2026-04-18 13:08:37,3.422,0.2,0.0007,0.000022,4.088,1.2,0.0049,0.000087,0.0,0.0
2026-04-18 13:08:38,3.421,0.2,0.0007,0.000022,4.088,1.2,0.0049,0.000088,0.0,0.0
2026-04-18 13:08:39,3.422,0.2,0.0007,0.000022,4.088,1.2,0.0049,0.000090,0.0,0.0
2026-04-18 13:08:40,3.422,0.3,0.0010,0.000023,4.088,1.2,0.0049,0.000091,0.0,0.0
2026-04-18 13:08:43,3.399,0.2,0.0007,0.000023,4.040,194.6,0.7862,0.000590,80.0,80.0
2026-04-18 13:08:44,3.398,0.2,0.0007,0.000023,4.040,187.6,0.7579,0.000880,80.0,80.0
2026-04-18 13:08:45,3.398,0.2,0.0007,0.000023,4.040,186.2,0.7522,0.001100,80.0,80.0
2026-04-18 13:08:46,3.400,0.2,0.0007,0.000024,4.043,174.4,0.7051,0.001310,-20.0,90.0
2026-04-18 13:08:47,3.420,0.3,0.0010,0.000024,4.084,1.2,0.0049,0.001312,0.0,0.0
2026-04-18 13:08:48,3.421,0.4,0.0014,0.000024,4.085,1.2,0.0049,0.001313,0.0,0.0
2026-04-18 13:08:49,3.421,0.5,0.0017,0.000025,4.085,1.2,0.0049,0.001315,0.0,0.0
2026-04-18 13:08:50,3.420,0.3,0.0010,0.000025,4.085,1.2,0.0049,0.001316,0.0,0.0
2026-04-18 13:08:51,3.421,0.3,0.0010,0.000025,4.085,1.2,0.0049,0.001317,0.0,0.0
2026-04-18 13:08:53,3.422,0.7,0.0024,0.000026,4.085,1.2,0.0049,0.001319,0.0,0.0
2026-04-18 13:08:54,3.421,0.3,0.0010,0.000027,4.085,1.2,0.0049,0.001321,0.0,0.0
2026-04-18 13:08:55,3.421,0.5,0.0017,0.000027,4.086,1.2,0.0049,0.001322,0.0,0.0
2026-04-18 13:08:58,3.422,0.7,0.0024,0.000029,4.086,1.2,0.0049,0.001326,0.0,0.0
2026-04-18 13:08:59,3.422,0.5,0.0017,0.000030,4.086,1.2,0.0049,0.001328,0.0,0.0
2026-04-18 13:09:00,3.424,0.9,0.0031,0.000031,4.086,1.2,0.0049,0.001330,0.0,0.0
2026-04-18 13:09:04,3.432,2.3,0.0079,0.000038,4.086,1.2,0.0049,0.001334,0.0,0.0
2026-04-18 13:09:05,3.430,2.0,0.0069,0.000041,4.086,1.2,0.0049,0.001336,0.0,0.0
2026-04-18 13:09:07,3.431,2.1,0.0072,0.000043,4.086,1.2,0.0049,0.001338,0.0,0.0
2026-04-18 13:09:08,3.432,2.4,0.0082,0.000046,4.086,1.2,0.0049,0.001339,0.0,0.0
2026-04-18 13:09:16,3.430,1.8,0.0062,0.000060,4.086,1.2,0.0049,0.001351,0.0,0.0
2026-04-18 13:09:17,3.431,2.1,0.0072,0.000062,4.086,1.2,0.0049,0.001352,0.0,0.0
2026-04-18 13:09:18,3.431,2.1,0.0072,0.000064,4.086,1.2,0.0049,0.001354,0.0,0.0
2026-04-18 13:09:19,3.431,2.2,0.0075,0.000067,4.086,1.2,0.0049,0.001355,0.0,0.0
2026-04-18 13:09:20,3.431,2.2,0.0075,0.000069,4.086,1.2,0.0049,0.001357,0.0,0.0
2026-04-18 13:09:21,3.431,2.2,0.0075,0.000071,4.086,1.2,0.0049,0.001358,0.0,0.0
2026-04-18 13:09:22,3.431,2.2,0.0075,0.000073,4.086,1.2,0.0049,0.001359,0.0,0.0
2026-04-18 13:09:23,3.431,2.2,0.0075,0.000075,4.086,1.2,0.0049,0.001361,0.0,0.0
2026-04-18 13:09:24,3.432,2.2,0.0076,0.000077,4.086,1.2,0.0049,0.001362,0.0,0.0
2026-04-18 13:09:27,3.389,2.2,0.0075,0.000082,3.974,467.2,1.8567,0.002560,79.9,80.1
2026-04-18 13:09:28,3.398,2.3,0.0078,0.000085,4.015,290.5,1.1664,0.002995,79.9,80.1
2026-04-18 13:09:29,3.400,2.4,0.0082,0.000088,4.026,241.8,0.9735,0.003278,80.0,80.0
2026-04-18 13:09:30,3.419,4.5,0.0154,0.000092,4.016,280.5,1.1265,0.003612,80.0,80.0
2026-04-18 13:09:39,4.734,28.9,0.1368,0.000443,4.088,1.2,0.0049,0.003624,0.0,0.0
2026-04-18 13:09:40,4.780,40.0,0.1912,0.000498,4.090,1.2,0.0049,0.003626,0.0,0.0
2026-04-18 13:09:42,4.780,40.0,0.1912,0.000558,4.090,1.2,0.0049,0.003627,0.0,0.0
2026-04-18 13:09:44,4.781,40.3,0.1927,0.000711,4.091,1.2,0.0049,0.003631,0.0,0.0
2026-04-18 13:09:46,4.781,40.3,0.1927,0.000777,4.091,1.2,0.0049,0.003633,0.0,0.0
2026-04-18 13:09:47,4.780,40.0,0.1912,0.000832,4.091,1.2,0.0049,0.003634,0.0,0.0
2026-04-18 13:09:48,4.781,40.3,0.1927,0.000891,4.091,1.2,0.0049,0.003636,0.0,0.0
2026-04-18 13:09:50,4.736,39.2,0.1857,0.001007,3.991,408.8,1.6315,0.004661,80.0,80.0
2026-04-18 13:09:51,4.856,101.0,0.4905,0.001191,4.069,122.5,0.4985,0.004848,43.9,81.6
2026-04-18 13:09:52,4.769,67.4,0.3214,0.001290,3.982,453.9,1.8074,0.005403,40.1,100.0
2026-04-18 13:09:53,4.735,64.3,0.3045,0.001375,3.949,556.8,2.1988,0.006019,79.7,80.3
2026-04-18 13:10:02,4.821,58.7,0.2830,0.002071,4.090,1.2,0.0049,0.006031,0.0,0.0
2026-04-18 13:10:04,4.833,66.8,0.3228,0.002178,4.094,1.2,0.0049,0.006032,0.0,0.0
2026-04-18 13:10:05,4.833,66.8,0.3228,0.002305,4.094,1.2,0.0049,0.006034,0.0,0.0
2026-04-18 13:10:06,4.834,66.7,0.3224,0.002400,4.094,1.2,0.0049,0.006036,0.0,0.0
2026-04-18 13:10:07,4.833,66.6,0.3219,0.002492,4.095,1.2,0.0049,0.006037,0.0,0.0
2026-04-18 13:10:08,4.834,67.3,0.3253,0.002591,4.095,1.2,0.0049,0.006039,0.0,0.0
2026-04-18 13:10:09,4.833,66.5,0.3214,0.002683,4.095,1.2,0.0049,0.006040,0.0,0.0
2026-04-18 13:10:10,4.834,66.9,0.3234,0.002774,4.095,1.2,0.0049,0.006042,0.0,0.0
2026-04-18 13:10:11,4.834,66.8,0.3229,0.002867,4.095,1.2,0.0049,0.006043,0.0,0.0
2026-04-18 13:10:12,4.833,66.5,0.3214,0.002960,4.095,1.2,0.0049,0.006044,0.0,0.0
2026-04-18 13:10:21,4.797,46.8,0.2245,0.003501,4.091,1.2,0.0049,0.006056,0.0,0.0
2026-04-18 13:10:22,4.822,59.6,0.2874,0.003583,4.095,1.2,0.0049,0.006058,0.0,0.0
2026-04-18 13:10:23,4.824,59.7,0.2880,0.003666,4.095,1.2,0.0049,0.006059,0.0,0.0
2026-04-18 13:10:24,4.821,59.4,0.2864,0.003749,4.095,1.2,0.0049,0.006060,0.0,0.0
2026-04-18 13:10:25,4.824,59.7,0.2880,0.003836,4.095,1.2,0.0049,0.006062,0.0,0.0
2026-04-18 13:10:26,4.821,59.5,0.2868,0.003920,4.095,1.2,0.0049,0.006063,0.0,0.0
2026-04-18 13:10:28,4.822,59.6,0.2874,0.004041,4.095,1.2,0.0049,0.006065,0.0,0.0
2026-04-18 13:10:29,4.822,59.5,0.2869,0.004123,4.095,1.2,0.0049,0.006067,0.0,0.0
2026-04-18 13:10:30,4.822,59.8,0.2884,0.004207,4.096,1.2,0.0049,0.006068,0.0,0.0
2026-04-18 13:10:32,4.775,58.3,0.2784,0.004351,4.004,349.6,1.3998,0.006791,100.0,53.9
2026-04-18 13:10:33,3.405,3.2,0.0109,0.004355,4.015,296.6,1.1908,0.007216,100.0,-10.3
2026-04-18 13:10:34,3.400,2.3,0.0078,0.004357,4.016,287.2,1.1534,0.007552,80.0,80.0
2026-04-18 13:10:35,3.393,1.8,0.0061,0.004359,4.012,298.3,1.1968,0.007922,40.4,100.0
2026-04-18 13:10:36,3.391,1.6,0.0054,0.004360,4.012,292.4,1.1731,0.008249,80.0,80.0
2026-04-18 13:10:37,3.389,1.2,0.0041,0.004362,4.011,296.6,1.1897,0.008605,79.9,80.1
2026-04-18 13:10:38,3.376,1.1,0.0037,0.004363,4.000,338.0,1.3520,0.008983,65.8,86.2
2026-04-18 13:10:41,3.383,1.0,0.0034,0.004365,4.010,296.8,1.1902,0.009784,100.0,54.6
2026-04-18 13:10:42,3.383,1.1,0.0037,0.004366,4.005,312.9,1.2532,0.010219,40.1,100.0
2026-04-18 13:10:43,3.384,0.9,0.0030,0.004367,4.007,298.4,1.1957,0.010568,40.0,100.0
2026-04-18 13:10:46,3.381,0.9,0.0030,0.004369,4.009,292.5,1.1726,0.011505,79.7,80.3
2026-04-18 13:11:14,3.383,1.6,0.0054,0.004412,4.011,276.4,1.1086,0.020179,79.9,80.1
2026-04-18 13:11:17,3.369,1.6,0.0054,0.004417,3.978,380.9,1.5152,0.021541,48.2,93.8
2026-04-18 13:11:27,4.441,12.9,0.0573,0.004567,4.080,1.2,0.0049,0.021554,0.0,0.0
2026-04-18 13:11:28,4.024,10.7,0.0431,0.004581,4.080,1.2,0.0049,0.021555,0.0,0.0
2026-04-18 13:11:29,4.745,35.5,0.1684,0.004636,4.083,1.2,0.0049,0.021557,0.0,0.0
2026-04-18 13:11:30,4.835,72.4,0.3501,0.004753,4.090,1.2,0.0049,0.021559,0.0,0.0
2026-04-18 13:11:32,4.835,72.8,0.3520,0.004892,4.090,1.2,0.0049,0.021561,0.0,0.0
2026-04-18 13:11:33,4.836,73.2,0.3540,0.004995,4.091,1.2,0.0049,0.021562,0.0,0.0
2026-04-18 13:11:34,4.835,72.6,0.3510,0.005102,4.091,1.2,0.0049,0.021563,0.0,0.0
2026-04-18 13:11:35,4.838,73.3,0.3546,0.005204,4.091,1.2,0.0049,0.021565,0.0,0.0
2026-04-18 13:11:36,4.836,72.7,0.3516,0.005313,4.091,1.2,0.0049,0.021566,0.0,0.0
2026-04-18 13:11:37,3.651,8.7,0.0318,0.005327,4.006,313.2,1.2547,0.022106,22.0,100.0
2026-04-18 13:11:39,3.401,3.4,0.0116,0.005331,4.006,304.1,1.2182,0.022603,40.2,100.0
2026-04-18 13:11:40,3.389,1.4,0.0047,0.005333,4.012,277.0,1.1113,0.022945,79.8,80.2
2026-04-18 13:11:42,3.386,1.8,0.0061,0.005335,4.006,299.9,1.2014,0.023453,79.7,80.3
2026-04-18 13:11:43,3.383,1.5,0.0051,0.005337,4.005,300.8,1.2047,0.023802,79.7,80.3
2026-04-18 13:11:44,3.376,1.6,0.0054,0.005338,3.982,368.7,1.4682,0.024230,100.0,20.9
2026-04-18 13:11:45,3.383,1.6,0.0054,0.005341,4.004,299.7,1.2000,0.024839,39.5,100.0
2026-04-18 13:11:49,3.379,1.5,0.0051,0.005346,3.999,317.6,1.2701,0.026129,100.0,54.3
2026-04-18 13:11:50,3.383,1.6,0.0054,0.005348,3.999,315.7,1.2625,0.026499,65.5,86.5
2026-04-18 13:11:55,3.379,1.3,0.0044,0.005354,4.000,307.7,1.2308,0.028128,100.0,-27.8
2026-04-18 13:12:03,3.376,1.3,0.0044,0.005364,3.982,367.9,1.4650,0.031526,79.9,80.1
2026-04-18 13:12:05,3.374,1.3,0.0044,0.005366,3.998,306.5,1.2254,0.032076,65.9,86.1
2026-04-18 13:12:09,3.373,0.9,0.0030,0.005369,4.000,293.9,1.1756,0.033420,79.8,80.2
2026-04-18 13:12:10,3.373,1.0,0.0034,0.005371,4.001,287.2,1.1491,0.033864,100.0,54.6
2026-04-18 13:12:12,3.374,1.2,0.0040,0.005373,3.999,292.1,1.1681,0.034475,79.7,80.3
2026-04-18 13:12:14,3.376,1.2,0.0041,0.005375,4.000,287.8,1.1512,0.034964,16.2,100.0
2026-04-18 13:12:15,3.377,1.1,0.0037,0.005376,4.001,281.1,1.1247,0.035369,79.6,80.4
2026-04-18 13:12:16,3.373,1.1,0.0037,0.005377,4.001,283.8,1.1355,0.035698,39.5,100.0
2026-04-18 13:12:17,3.375,0.9,0.0030,0.005378,4.001,280.5,1.1223,0.036024,79.6,80.4
2026-04-18 13:12:18,3.367,0.9,0.0030,0.005379,3.994,311.5,1.2441,0.036419,-9.6,100.0
2026-04-18 13:12:20,3.376,0.9,0.0030,0.005380,4.000,284.8,1.1392,0.036889,93.1,48.9
2026-04-18 13:12:21,3.375,0.9,0.0030,0.005381,4.003,276.0,1.1048,0.037211,39.9,100.0
2026-04-18 13:12:31,4.736,32.3,0.1530,0.005799,4.077,1.2,0.0049,0.037224,0.0,0.0
2026-04-18 13:12:32,4.781,44.3,0.2118,0.005860,4.080,1.2,0.0049,0.037226,0.0,0.0
2026-04-18 13:12:33,4.780,44.1,0.2108,0.005925,4.080,1.2,0.0049,0.037227,0.0,0.0
2026-04-18 13:12:34,4.780,44.2,0.2113,0.006013,4.081,1.2,0.0049,0.037229,0.0,0.0
2026-04-18 13:12:35,4.782,44.8,0.2142,0.006075,4.081,1.2,0.0049,0.037230,0.0,0.0
2026-04-18 13:12:36,4.781,44.3,0.2118,0.006137,4.081,1.2,0.0049,0.037232,0.0,0.0
2026-04-18 13:12:37,4.779,43.3,0.2069,0.006197,4.083,1.2,0.0049,0.037233,0.0,0.0
2026-04-18 13:12:39,4.780,43.5,0.2079,0.006261,4.083,1.2,0.0049,0.037235,0.0,0.0
2026-04-18 13:12:40,4.785,44.9,0.2148,0.006350,4.083,1.2,0.0049,0.037237,0.0,0.0
2026-04-18 13:12:41,4.735,43.2,0.2046,0.006414,3.961,479.9,1.9009,0.037830,80.0,80.0
2026-04-18 13:12:42,3.432,5.7,0.0196,0.006419,4.006,296.6,1.1882,0.038166,40.3,100.0
2026-04-18 13:12:43,3.401,3.8,0.0129,0.006423,4.009,278.4,1.1161,0.038483,80.0,80.0
2026-04-18 13:12:44,3.389,2.8,0.0095,0.006426,3.994,334.7,1.3368,0.038865,80.0,80.0
2026-04-18 13:12:45,3.387,2.3,0.0078,0.006428,4.005,290.2,1.1623,0.039204,100.0,54.4
2026-04-18 13:12:46,3.381,2.0,0.0068,0.006430,4.001,306.1,1.2247,0.039561,79.9,80.1
2026-04-18 13:12:49,3.379,1.8,0.0061,0.006434,3.992,335.0,1.3373,0.040430,100.0,54.6
2026-04-18 13:12:57,3.370,0.7,0.0024,0.006440,3.990,329.5,1.3147,0.043498,100.0,54.8
2026-04-18 13:13:13,4.549,19.2,0.0873,0.006823,4.075,1.2,0.0049,0.043519,0.0,0.0
2026-04-18 13:13:14,4.747,35.6,0.1690,0.006884,4.079,1.2,0.0049,0.043521,0.0,0.0
2026-04-18 13:13:15,4.749,36.1,0.1714,0.006935,4.079,1.2,0.0049,0.043522,0.0,0.0
2026-04-18 13:13:16,4.749,35.6,0.1691,0.006983,4.079,1.2,0.0049,0.043524,0.0,0.0
2026-04-18 13:13:17,4.750,35.8,0.1700,0.007033,4.080,1.2,0.0049,0.043525,0.0,0.0
2026-04-18 13:13:18,4.750,35.9,0.1705,0.007081,4.080,1.2,0.0049,0.043527,0.0,0.0
2026-04-18 13:13:20,4.749,35.6,0.1691,0.007140,4.080,1.2,0.0049,0.043528,0.0,0.0
2026-04-18 13:13:21,4.750,35.6,0.1691,0.007205,4.081,1.2,0.0049,0.043530,0.0,0.0
2026-04-18 13:13:22,4.751,35.8,0.1701,0.007253,4.081,1.2,0.0049,0.043532,0.0,0.0
2026-04-18 13:13:23,4.645,28.7,0.1333,0.007292,3.984,380.3,1.5151,0.043966,100.0,20.5
2026-04-18 13:13:24,3.399,3.8,0.0129,0.007295,4.004,303.5,1.2152,0.044322,66.0,86.0
2026-04-18 13:13:25,3.389,2.0,0.0068,0.007297,4.009,281.8,1.1297,0.044650,80.0,80.0
2026-04-18 13:13:27,3.371,0.7,0.0024,0.007299,3.994,336.0,1.3420,0.045330,79.9,80.1
2026-04-18 13:13:28,3.373,0.5,0.0017,0.007299,4.005,284.4,1.1390,0.045750,65.9,86.1
2026-04-18 13:13:29,3.376,0.5,0.0017,0.007300,4.005,285.0,1.1414,0.046104,100.0,54.5
2026-04-18 13:13:31,3.374,0.4,0.0013,0.007300,4.005,279.4,1.1190,0.046573,40.2,100.0
2026-04-18 13:13:32,3.371,0.3,0.0010,0.007301,3.999,303.0,1.2117,0.046925,40.1,100.0
2026-04-18 13:13:33,3.380,0.3,0.0010,0.007301,4.026,189.2,0.7617,0.047147,-35.6,100.0
2026-04-18 13:13:34,3.371,0.5,0.0017,0.007301,3.992,325.9,1.3010,0.047536,79.9,80.1
2026-04-18 13:13:35,3.367,0.5,0.0017,0.007302,3.989,341.3,1.3614,0.047924,79.9,80.1
2026-04-18 13:13:36,3.367,0.6,0.0020,0.007303,3.995,311.7,1.2452,0.048286,100.0,54.5
2026-04-18 13:13:37,3.374,0.7,0.0024,0.007303,4.000,290.3,1.1612,0.048624,79.9,80.1
2026-04-18 13:13:38,3.369,0.8,0.0027,0.007304,3.994,314.9,1.2577,0.049017,65.8,86.2
2026-04-18 13:13:40,3.370,0.6,0.0020,0.007305,3.996,298.9,1.1944,0.049515,65.9,86.1
2026-04-18 13:13:42,3.370,0.8,0.0027,0.007306,3.962,404.2,1.6014,0.050302,-78.2,100.0
2026-04-18 13:13:44,3.381,0.5,0.0017,0.007307,4.019,185.8,0.7467,0.050757,27.5,100.0
2026-04-18 13:13:45,3.369,0.7,0.0024,0.007308,3.995,299.6,1.1969,0.051183,-17.7,100.0
2026-04-18 13:13:46,3.374,1.1,0.0037,0.007309,3.991,316.7,1.2639,0.051550,40.1,100.0
2026-04-18 13:13:47,3.371,1.2,0.0040,0.007310,3.991,316.4,1.2628,0.051927,65.7,86.3
2026-04-18 13:13:48,3.371,1.2,0.0040,0.007312,3.991,318.2,1.2699,0.052288,65.7,86.3
2026-04-18 13:13:49,3.375,1.3,0.0044,0.007313,3.988,330.4,1.3176,0.052673,65.6,86.4
2026-04-18 13:13:50,3.366,1.2,0.0040,0.007314,3.981,346.2,1.3782,0.053075,79.7,80.3
2026-04-18 13:13:51,3.369,1.2,0.0040,0.007315,4.001,272.2,1.0891,0.053400,65.7,86.3
2026-04-18 13:13:53,3.370,1.4,0.0047,0.007317,3.995,298.3,1.1917,0.053817,79.7,80.3
2026-04-18 13:14:01,4.802,55.4,0.2660,0.007900,4.079,1.2,0.0049,0.053828,0.0,0.0
2026-04-18 13:14:02,4.805,55.8,0.2681,0.007981,4.079,1.2,0.0049,0.053829,0.0,0.0
2026-04-18 13:14:03,4.804,55.4,0.2661,0.008071,4.080,1.2,0.0049,0.053831,0.0,0.0
2026-04-18 13:14:04,4.804,55.5,0.2666,0.008171,4.080,1.2,0.0049,0.053833,0.0,0.0
2026-04-18 13:14:06,4.805,55.4,0.2662,0.008302,4.081,1.2,0.0049,0.053835,0.0,0.0
2026-04-18 13:14:07,4.805,55.4,0.2662,0.008400,4.081,1.2,0.0049,0.053837,0.0,0.0
2026-04-18 13:14:11,4.799,52.2,0.2505,0.008637,4.083,1.2,0.0049,0.053842,0.0,0.0
2026-04-18 13:14:12,3.438,6.0,0.0206,0.008644,4.006,290.4,1.1633,0.054262,65.9,86.1
2026-04-18 13:14:13,3.391,3.1,0.0105,0.008648,4.000,312.6,1.2504,0.054628,40.3,100.0
2026-04-18 13:14:14,3.387,2.4,0.0081,0.008650,4.005,287.5,1.1514,0.054969,65.9,86.1
2026-04-18 13:14:15,3.377,2.2,0.0074,0.008652,4.003,294.9,1.1805,0.055307,65.7,86.3
2026-04-18 13:14:16,3.380,1.8,0.0061,0.008654,4.001,292.5,1.1703,0.055647,100.0,54.7
2026-04-18 13:14:17,3.380,1.6,0.0054,0.008655,3.998,307.4,1.2290,0.056005,100.0,-37.8
2026-04-18 13:14:18,3.373,1.4,0.0047,0.008657,3.990,331.9,1.3243,0.056402,79.8,80.2
2026-04-18 13:14:19,3.379,1.9,0.0064,0.008659,3.990,328.3,1.3099,0.056779,100.0,6.7
2026-04-18 13:14:20,3.373,1.5,0.0051,0.008660,3.999,299.1,1.1961,0.057122,79.9,80.1
2026-04-18 13:14:22,3.373,1.1,0.0037,0.008661,3.998,303.1,1.2118,0.057498,65.9,86.1
2026-04-18 13:14:23,3.364,1.8,0.0061,0.008663,3.970,397.3,1.5773,0.057951,48.2,93.8
2026-04-18 13:14:24,3.376,2.0,0.0068,0.008666,3.996,299.2,1.1956,0.058536,100.0,6.8
2026-04-18 13:14:27,3.377,1.8,0.0061,0.008671,3.999,291.5,1.1657,0.059385,79.6,80.4
2026-04-18 13:14:29,3.371,1.8,0.0061,0.008673,3.986,348.3,1.3883,0.059991,79.6,80.4
2026-04-18 13:14:52,3.415,2.1,0.0072,0.008720,4.071,1.2,0.0049,0.060023,0.0,0.0
2026-04-18 13:14:53,3.416,2.1,0.0072,0.008723,4.071,1.2,0.0049,0.060025,0.0,0.0
2026-04-18 13:15:02,3.375,1.8,0.0061,0.008738,3.999,299.6,1.1981,0.063056,66.0,86.0
2026-04-18 13:15:04,3.376,1.8,0.0061,0.008741,4.001,283.1,1.1327,0.063569,39.8,100.0
2026-04-18 13:15:06,3.375,1.8,0.0061,0.008744,3.990,328.1,1.3091,0.064317,65.8,86.2
2026-04-18 13:15:07,3.380,1.8,0.0061,0.008747,4.004,270.3,1.0823,0.064722,79.8,80.2
2026-04-18 13:15:11,3.380,1.8,0.0061,0.008752,3.999,283.4,1.1333,0.065776,-20.0,90.0
2026-04-18 13:15:12,3.375,2.0,0.0067,0.008755,3.996,299.8,1.1980,0.066233,40.1,100.0
2026-04-18 13:15:14,3.377,1.9,0.0064,0.008758,3.999,285.0,1.1397,0.066823,79.8,80.2
2026-04-18 13:15:16,3.379,2.0,0.0068,0.008762,4.001,269.8,1.0795,0.067425,79.8,80.2
2026-04-18 13:15:17,3.376,1.9,0.0064,0.008764,3.992,308.1,1.2299,0.067908,79.8,80.2
2026-04-18 13:15:18,3.375,1.6,0.0054,0.008766,3.998,289.4,1.1570,0.068236,-31.7,100.0
2026-04-18 13:15:20,3.375,1.5,0.0051,0.008767,3.994,296.4,1.1838,0.068578,79.8,80.2
2026-04-18 13:15:21,3.371,1.6,0.0054,0.008769,3.998,283.6,1.1338,0.068907,79.8,80.2
2026-04-18 13:15:22,3.374,1.8,0.0061,0.008771,3.994,294.9,1.1778,0.069250,79.8,80.2
2026-04-18 13:15:23,3.375,1.8,0.0061,0.008773,3.999,280.4,1.1213,0.069582,79.8,80.2
2026-04-18 13:15:24,3.375,1.7,0.0057,0.008774,3.998,281.7,1.1262,0.069905,79.8,80.2
2026-04-18 13:15:25,3.370,1.7,0.0057,0.008776,3.982,337.7,1.3447,0.070297,48.2,93.8
2026-04-18 13:15:26,3.376,1.6,0.0054,0.008777,3.999,274.7,1.0985,0.070618,79.7,80.3
2026-04-18 13:15:27,3.373,1.7,0.0057,0.008779,3.996,284.5,1.1369,0.070954,79.7,80.3
2026-04-18 13:15:28,3.371,1.6,0.0054,0.008781,3.991,305.4,1.2189,0.071309,79.6,80.4
2026-04-18 13:15:29,3.370,1.6,0.0054,0.008782,3.992,299.9,1.1972,0.071681,79.6,80.4
2026-04-18 13:15:31,3.371,1.7,0.0057,0.008785,3.994,289.9,1.1579,0.072170,93.1,48.9
2026-04-18 13:15:32,3.371,1.8,0.0061,0.008787,3.991,301.7,1.2041,0.072512,100.0,20.9
2026-04-18 13:15:42,4.727,30.5,0.1442,0.009185,4.072,1.2,0.0049,0.072526,0.0,0.0
2026-04-18 13:15:44,4.791,48.9,0.2343,0.009330,4.076,1.2,0.0049,0.072529,0.0,0.0
2026-04-18 13:15:45,4.791,49.0,0.2348,0.009418,4.077,1.2,0.0049,0.072531,0.0,0.0
2026-04-18 13:15:46,4.791,48.5,0.2324,0.009487,4.077,1.2,0.0049,0.072532,0.0,0.0
2026-04-18 13:15:47,4.791,48.6,0.2328,0.009556,4.077,1.2,0.0049,0.072534,0.0,0.0
2026-04-18 13:15:49,4.791,48.5,0.2324,0.009658,4.079,1.2,0.0049,0.072536,0.0,0.0
2026-04-18 13:15:51,4.793,48.8,0.2339,0.009772,4.079,1.2,0.0049,0.072538,0.0,0.0
2026-04-18 13:15:52,4.694,36.1,0.1695,0.009834,3.984,388.4,1.5474,0.073103,80.0,80.0
2026-04-18 13:15:53,3.430,5.8,0.0199,0.009839,4.003,296.6,1.1873,0.073449,40.3,100.0
2026-04-18 13:15:55,3.384,2.6,0.0088,0.009844,3.995,311.8,1.2456,0.074081,80.1,79.9
2026-04-18 13:15:56,3.374,1.8,0.0061,0.009846,3.991,327.2,1.3059,0.074559,80.0,80.0
2026-04-18 13:15:57,3.375,1.5,0.0051,0.009847,3.998,301.2,1.2042,0.074910,48.5,93.5
2026-04-18 13:15:59,3.375,1.4,0.0047,0.009850,4.004,269.3,1.0783,0.075465,65.9,86.1
2026-04-18 13:16:00,3.374,1.4,0.0047,0.009852,3.994,308.0,1.2302,0.075909,65.8,86.2
2026-04-18 13:16:02,3.371,1.4,0.0047,0.009853,3.992,309.1,1.2339,0.076363,40.1,100.0
2026-04-18 13:16:03,3.373,1.3,0.0044,0.009855,4.000,280.6,1.1224,0.076773,65.7,86.3
2026-04-18 13:16:04,3.370,1.3,0.0044,0.009856,4.003,267.0,1.0688,0.077080,79.7,80.3
2026-04-18 13:16:07,3.364,0.7,0.0024,0.009858,3.992,311.0,1.2415,0.078074,39.5,100.0
2026-04-18 13:16:08,3.365,0.7,0.0024,0.009859,3.994,297.3,1.1874,0.078556,41.2,100.0
2026-04-18 13:16:09,3.369,0.7,0.0024,0.009860,3.992,304.1,1.2140,0.078951,79.6,80.4
2026-04-18 13:16:11,3.370,0.6,0.0020,0.009861,4.000,271.6,1.0864,0.079371,79.6,80.4
2026-04-18 13:16:12,3.365,0.5,0.0017,0.009861,3.996,285.7,1.1417,0.079843,100.0,54.3
2026-04-18 13:16:13,3.364,0.5,0.0017,0.009862,3.990,313.5,1.2509,0.080208,79.6,80.4
2026-04-18 13:16:15,3.365,0.4,0.0013,0.009863,4.000,268.5,1.0740,0.080767,79.5,80.5
2026-04-18 13:16:17,3.354,0.9,0.0030,0.009864,3.965,404.4,1.6034,0.081335,100.0,-10.2
2026-04-18 13:16:18,3.373,1.3,0.0044,0.009865,3.996,282.8,1.1301,0.081666,79.9,80.1
2026-04-18 13:16:28,4.737,34.9,0.1653,0.010349,4.072,1.2,0.0049,0.081680,0.0,0.0
2026-04-18 13:16:29,4.779,47.0,0.2246,0.010427,4.075,1.2,0.0049,0.081682,0.0,0.0
2026-04-18 13:16:30,4.779,46.9,0.2241,0.010493,4.076,1.2,0.0049,0.081683,0.0,0.0
2026-04-18 13:16:32,4.779,46.6,0.2227,0.010561,4.076,1.2,0.0049,0.081685,0.0,0.0
2026-04-18 13:16:33,4.780,46.9,0.2242,0.010654,4.077,1.2,0.0049,0.081687,0.0,0.0
2026-04-18 13:16:34,4.780,46.8,0.2237,0.010718,4.077,1.2,0.0049,0.081688,0.0,0.0
2026-04-18 13:16:35,4.780,46.6,0.2227,0.010796,4.077,1.2,0.0049,0.081690,0.0,0.0
2026-04-18 13:16:37,4.781,47.1,0.2252,0.010885,4.079,1.2,0.0049,0.081692,0.0,0.0
2026-04-18 13:16:39,4.514,7.5,0.0339,0.010906,4.003,301.5,1.2069,0.082445,80.1,79.9
2026-04-18 13:16:40,3.377,1.4,0.0047,0.010908,4.001,294.7,1.1791,0.082898,80.0,80.0
2026-04-18 13:16:41,3.376,0.9,0.0030,0.010909,4.004,277.3,1.1103,0.083214,80.0,80.0
2026-04-18 13:16:43,3.370,0.7,0.0024,0.010910,3.996,311.8,1.2460,0.083604,40.4,100.0
2026-04-18 13:16:44,3.371,0.6,0.0020,0.010911,4.000,285.1,1.1404,0.084077,80.0,80.0
2026-04-18 13:16:45,3.374,0.5,0.0017,0.010911,4.004,266.8,1.0683,0.084393,80.0,80.0
2026-04-18 13:16:46,3.373,0.5,0.0017,0.010912,3.996,300.0,1.1988,0.084736,80.0,80.0
2026-04-18 13:16:50,3.369,0.4,0.0013,0.010913,3.999,286.1,1.1441,0.085826,79.9,80.1
2026-04-18 13:16:51,3.366,0.4,0.0013,0.010913,3.995,299.0,1.1945,0.086255,65.6,86.4
2026-04-18 13:16:53,3.367,0.4,0.0013,0.010914,3.999,281.6,1.1261,0.086811,79.6,80.4
2026-04-18 13:16:54,3.366,0.4,0.0013,0.010914,4.000,274.0,1.0960,0.087231,79.5,80.5
2026-04-18 13:16:55,3.366,0.5,0.0017,0.010915,3.995,292.1,1.1669,0.087661,65.5,86.5
2026-04-18 13:17:00,3.364,0.7,0.0024,0.010918,3.998,275.9,1.1030,0.088979,65.5,86.5
2026-04-18 13:17:02,3.363,0.8,0.0027,0.010919,3.991,300.7,1.2001,0.089662,65.4,86.6
2026-04-18 13:17:07,3.373,1.5,0.0051,0.010927,3.998,271.5,1.0855,0.091250,92.7,49.3
2026-04-18 13:17:10,3.370,1.6,0.0054,0.010931,3.998,273.3,1.0927,0.092032,39.5,100.0
2026-04-18 13:17:27,4.794,51.2,0.2455,0.012121,4.077,1.2,0.0049,0.092055,0.0,0.0
2026-04-18 13:17:29,4.466,14.9,0.0665,0.012150,4.006,276.2,1.1065,0.092527,66.0,86.0
2026-04-18 13:17:31,3.380,2.1,0.0071,0.012155,3.999,292.3,1.1689,0.093389,100.0,54.5
2026-04-18 13:17:32,3.361,2.1,0.0071,0.012157,4.003,276.8,1.1080,0.093723,48.2,93.8
2026-04-18 13:17:34,3.375,1.8,0.0061,0.012159,3.995,304.6,1.2169,0.094158,65.6,86.4
2026-04-18 13:17:37,3.374,1.6,0.0054,0.012164,3.988,326.1,1.3005,0.095369,79.9,80.1
2026-04-18 13:17:38,3.373,1.6,0.0054,0.012166,3.991,310.3,1.2384,0.095843,65.8,86.2
2026-04-18 13:17:39,3.377,1.6,0.0054,0.012168,3.968,389.4,1.5451,0.096312,48.2,93.8
2026-04-18 13:17:40,3.366,1.5,0.0050,0.012170,3.980,355.5,1.4149,0.096723,100.0,54.8
2026-04-18 13:17:41,3.369,1.8,0.0061,0.012171,3.990,314.6,1.2553,0.097074,79.6,80.4
2026-04-18 13:17:42,3.374,2.1,0.0071,0.012173,3.985,336.9,1.3425,0.097467,65.6,86.4
2026-04-18 13:17:44,3.374,2.0,0.0067,0.012175,4.000,269.2,1.0768,0.097793,79.5,80.5
2026-04-18 13:17:45,3.367,1.9,0.0064,0.012177,3.990,308.1,1.2293,0.098149,65.5,86.5
2026-04-18 13:17:46,3.373,1.8,0.0061,0.012180,3.999,266.5,1.0657,0.098678,79.5,80.5
2026-04-18 13:17:48,3.369,1.6,0.0054,0.012182,3.990,302.9,1.2086,0.099147,79.4,80.6
2026-04-18 13:17:50,3.370,1.7,0.0057,0.012185,3.995,289.3,1.1558,0.099726,79.4,80.6
2026-04-18 13:17:51,3.366,1.8,0.0061,0.012187,3.985,327.7,1.3059,0.100191,79.4,80.6
2026-04-18 13:17:53,3.371,1.6,0.0054,0.012191,4.000,259.5,1.0380,0.100867,-34.1,100.0
2026-04-18 13:18:08,3.406,0.9,0.0031,0.012204,4.069,1.2,0.0049,0.100888,0.0,0.0
2026-04-18 13:18:10,3.408,1.0,0.0034,0.012205,4.069,1.2,0.0049,0.100890,0.0,0.0
2026-04-18 13:18:11,3.408,0.9,0.0031,0.012206,4.070,1.2,0.0049,0.100891,0.0,0.0
2026-04-18 13:18:14,3.414,2.1,0.0072,0.012213,4.070,1.2,0.0049,0.100896,0.0,0.0
2026-04-18 13:18:16,3.365,2.1,0.0071,0.012216,3.958,467.7,1.8512,0.101628,54.4,100.0
2026-04-18 13:18:20,3.380,2.3,0.0078,0.012224,4.000,281.3,1.1252,0.102799,27.1,100.0
2026-04-18 13:26:43,3.369,1.3,0.0044,0.000,4.004,316.4,1.2669,0.000,1.2625,0.000,98.1,37.9
2026-04-18 13:26:44,3.385,2.2,0.0074,0.003,4.007,291.9,1.1696,0.396,1.1622,0.393,100.0,54.8
2026-04-18 13:26:45,3.400,3.9,0.0133,0.006,4.004,304.7,1.2200,0.752,1.2068,0.746,66.0,86.0
2026-04-18 13:26:55,4.834,70.0,0.3384,0.939,4.088,1.2,0.0049,0.766,-0.3335,-0.173,0.0,0.0
2026-04-18 13:26:56,4.834,69.8,0.3374,1.059,4.088,1.2,0.0049,0.767,-0.3325,-0.292,0.0,0.0
2026-04-18 13:26:57,4.835,70.5,0.3409,1.156,4.089,1.2,0.0049,0.769,-0.3360,-0.387,0.0,0.0
2026-04-18 13:26:59,4.831,68.2,0.3295,1.254,4.089,1.2,0.0049,0.770,-0.3246,-0.483,0.0,0.0
2026-04-18 13:27:00,4.805,54.3,0.2609,1.328,4.086,1.2,0.0049,0.772,-0.2560,-0.557,0.0,0.0
2026-04-18 13:27:01,3.426,2.3,0.0079,1.330,4.080,1.2,0.0049,0.773,-0.0030,-0.558,0.0,0.0
2026-04-18 13:27:03,3.426,2.6,0.0089,1.335,4.080,1.2,0.0049,0.776,-0.0040,-0.560,0.0,0.0
2026-04-18 13:27:06,3.430,5.4,0.0185,1.354,4.010,287.0,1.1509,1.922,1.1323,0.568,79.9,80.1
2026-04-18 13:27:16,4.844,77.3,0.3744,2.363,4.089,1.2,0.0049,1.935,-0.3695,-0.428,0.0,0.0
2026-04-18 13:27:17,4.844,76.9,0.3725,2.496,4.090,1.2,0.0049,1.937,-0.3676,-0.559,0.0,0.0
2026-04-18 13:27:18,4.842,76.7,0.3714,2.604,4.090,1.2,0.0049,1.938,-0.3665,-0.666,0.0,0.0
2026-04-18 13:27:21,4.844,76.7,0.3715,2.899,4.090,1.2,0.0049,1.942,-0.3666,-0.957,0.0,0.0
2026-04-18 13:27:22,4.844,78.7,0.3812,3.016,4.090,1.2,0.0049,1.943,-0.3763,-1.072,0.0,0.0
2026-04-18 13:27:23,3.434,3.0,0.0103,3.019,4.081,1.2,0.0049,1.945,-0.0054,-1.074,0.0,0.0
2026-04-18 13:27:36,3.421,1.7,0.0058,3.041,4.080,1.2,0.0049,1.963,-0.0009,-1.078,0.0,0.0
2026-04-18 13:27:39,3.421,1.7,0.0058,3.044,4.080,1.2,0.0049,1.966,-0.0009,-1.078,0.0,0.0
2026-04-18 13:27:40,3.421,1.7,0.0058,3.046,4.080,1.2,0.0049,1.968,-0.0009,-1.078,0.0,0.0
2026-04-18 13:27:41,3.422,1.8,0.0062,3.048,4.080,1.2,0.0049,1.969,-0.0013,-1.079,0.0,0.0
2026-04-18 13:27:44,3.421,1.8,0.0062,3.053,4.080,1.2,0.0049,1.973,-0.0013,-1.080,0.0,0.0
2026-04-18 13:27:45,3.355,2.0,0.0067,3.055,3.949,527.0,2.0811,2.750,2.0744,-0.305,65.9,86.1
2026-04-18 13:27:48,3.391,2.5,0.0085,3.062,4.010,280.5,1.1248,3.648,1.1163,0.586,79.9,80.1
2026-04-18 13:27:49,3.434,5.7,0.0196,3.069,4.007,289.7,1.1608,4.077,1.1413,1.008,39.7,100.0
2026-04-18 13:27:59,4.833,69.8,0.3373,3.934,4.088,1.2,0.0049,4.090,-0.3324,0.156,0.0,0.0
2026-04-18 13:28:00,4.834,70.3,0.3398,4.036,4.088,1.2,0.0049,4.091,-0.3349,0.055,0.0,0.0
2026-04-18 13:28:02,4.834,70.0,0.3384,4.230,4.088,1.2,0.0049,4.094,-0.3335,-0.136,0.0,0.0
2026-04-18 13:28:03,4.833,69.8,0.3373,4.355,4.089,1.2,0.0049,4.096,-0.3324,-0.258,0.0,0.0
2026-04-18 13:28:04,4.833,69.5,0.3359,4.452,4.089,1.2,0.0049,4.098,-0.3310,-0.355,0.0,0.0
2026-04-18 13:28:06,4.834,70.3,0.3398,4.626,4.089,1.2,0.0049,4.100,-0.3349,-0.526,0.0,0.0
2026-04-18 13:28:07,4.834,69.8,0.3374,4.747,4.089,1.2,0.0049,4.102,-0.3325,-0.645,0.0,0.0
2026-04-18 13:28:08,4.833,69.7,0.3369,4.845,4.089,1.2,0.0049,4.103,-0.3320,-0.742,0.0,0.0
2026-04-18 13:28:09,4.514,16.2,0.0731,4.866,4.005,321.8,1.2888,4.479,1.2157,-0.388,65.9,86.1
2026-04-18 13:28:13,3.390,1.8,0.0061,4.872,4.014,264.3,1.0609,5.492,1.0548,0.620,6.3,100.0
2026-04-18 13:28:20,3.380,1.8,0.0061,4.885,4.003,288.8,1.1561,7.859,1.1500,2.975,65.8,86.2
2026-04-18 13:29:40,4.797,53.9,0.2586,10.621,4.074,1.2,0.0049,7.968,-0.2537,-2.653,0.0,0.0
2026-04-18 13:29:41,4.816,64.0,0.3082,10.735,4.076,1.2,0.0049,7.970,-0.3033,-2.765,0.0,0.0
2026-04-18 13:29:43,4.816,63.8,0.3073,10.887,4.077,1.2,0.0049,7.972,-0.3024,-2.915,0.0,0.0
2026-04-18 13:29:44,4.816,64.0,0.3082,11.001,4.077,1.2,0.0049,7.974,-0.3033,-3.027,0.0,0.0
2026-04-18 13:29:45,4.818,64.0,0.3084,11.093,4.079,1.2,0.0049,7.975,-0.3035,-3.118,0.0,0.0
2026-04-18 13:29:49,4.818,63.9,0.3079,11.378,4.079,1.2,0.0049,7.980,-0.3030,-3.399,0.0,0.0
2026-04-18 13:29:52,3.425,5.5,0.0188,11.393,3.998,308.2,1.2322,8.908,1.2133,-2.485,80.0,80.0
2026-04-18 13:29:53,3.381,2.3,0.0078,11.395,3.995,314.1,1.2548,9.351,1.2471,-2.044,80.1,79.9
2026-04-18 13:29:54,3.379,1.8,0.0061,11.397,4.004,274.7,1.0999,9.681,1.0938,-1.716,40.4,100.0
2026-04-18 13:29:55,3.376,1.5,0.0051,11.399,3.994,309.3,1.2353,10.033,1.2303,-1.366,66.0,86.0
2026-04-18 13:29:56,3.370,1.4,0.0047,11.400,3.998,292.3,1.1686,10.372,1.1639,-1.028,79.9,80.1
2026-04-18 13:29:57,3.360,1.4,0.0047,11.401,3.974,386.2,1.5348,10.820,1.5301,-0.581,65.8,86.2
2026-04-18 13:29:58,3.370,1.5,0.0051,11.403,3.995,298.4,1.1921,11.180,1.1871,-0.223,65.7,86.3
2026-04-18 13:29:59,3.370,1.4,0.0047,11.404,3.996,293.3,1.1720,11.514,1.1673,0.109,65.7,86.3
2026-04-18 13:30:00,3.374,1.4,0.0047,11.406,3.994,298.4,1.1918,11.891,1.1871,0.485,79.7,80.3
2026-04-18 13:30:02,3.371,1.3,0.0044,11.408,3.996,285.9,1.1425,12.373,1.1381,0.966,79.6,80.4
2026-04-18 13:30:03,3.370,1.2,0.0040,11.409,3.992,301.0,1.2016,12.712,1.1975,1.303,79.6,80.4
2026-04-18 13:30:04,3.367,1.2,0.0040,11.410,3.995,295.5,1.1805,13.056,1.1765,1.646,100.0,54.3
2026-04-18 13:30:05,3.366,1.0,0.0034,11.411,3.992,299.6,1.1960,13.407,1.1926,1.996,65.5,86.5
2026-04-18 13:30:07,3.363,0.6,0.0020,11.412,3.996,283.1,1.1313,14.149,1.1292,2.737,79.5,80.5
2026-04-18 13:30:09,3.367,0.4,0.0013,11.413,4.000,263.0,1.0520,14.654,1.0507,3.241,65.5,86.5
2026-04-18 13:30:10,3.365,0.4,0.0013,11.413,3.998,274.7,1.0983,15.015,1.0969,3.602,65.5,86.5
2026-04-18 13:30:13,3.365,0.3,0.0010,11.414,3.995,279.9,1.1182,15.740,1.1172,4.326,39.8,100.0
2026-04-18 13:30:16,3.366,1.4,0.0047,11.418,3.995,275.7,1.1014,16.716,1.0967,5.298,100.0,10.9
2026-04-18 13:30:17,3.408,4.7,0.0160,11.423,3.996,274.5,1.0969,17.065,1.0809,5.642,79.7,80.3
2026-04-18 13:32:59,3.379,0.3,0.0010,11.469,4.024,174.5,0.7022,48.693,0.7012,37.224,80.0,80.0
2026-04-18 13:33:00,3.379,0.4,0.0014,11.469,4.024,173.9,0.6998,48.902,0.6984,37.432,80.0,80.0
2026-04-18 13:33:01,3.379,0.4,0.0014,11.470,4.024,174.2,0.7010,49.103,0.6996,37.633,80.0,80.0
2026-04-18 13:33:02,3.377,0.4,0.0014,11.470,4.024,174.2,0.7010,49.307,0.6996,37.837,80.0,80.0
